Time,idx_131A,idx_335A,idx_94A,idx_eve
2010-05-13 00:00:00,8937,8945,8691,17220
2010-05-13 02:00:00,8947,8955,8701,17340
2010-05-13 04:00:00,8967,8975,8721,17460
2010-05-13 06:00:00,8987,8995,8741,17580
2010-05-13 08:00:00,9007,9015,8761,17700
2010-05-13 10:00:00,9027,9035,8781,17820
2010-05-13 12:00:00,9047,9055,8801,17940
2010-05-13 14:00:00,9067,9075,8821,18060
2010-05-13 16:00:00,9087,9095,8841,18180
2010-05-14 18:00:00,8430,8438,8184,19740
2010-05-14 20:00:00,8450,8458,8204,19860
2010-05-14 22:00:00,8470,8478,8224,19980
2010-05-15 00:00:00,6609,6609,6369,20100
2010-05-15 02:00:00,6619,6619,6379,20220
2010-05-15 04:00:00,6639,6639,6399,20340
2010-05-15 06:00:00,6659,6659,6419,20460
2010-05-15 08:00:00,6679,6679,6439,20580
2010-05-15 10:00:00,6699,6699,6459,20700
2010-05-15 12:00:00,6719,6719,6479,20820
2010-05-15 14:00:00,6739,6739,6499,20940
2010-05-15 16:00:00,6759,6759,6519,21060
2010-05-15 18:00:00,6779,6779,6539,21180
2010-05-15 20:00:00,6799,6799,6559,21300
2010-05-15 22:00:00,6819,6819,6579,21420
2010-05-16 00:00:00,6131,6131,6127,21540
2010-05-16 02:00:00,6141,6141,6137,21660
2010-05-16 04:00:00,6161,6161,6157,21780
2010-05-16 06:00:00,6181,6181,6177,21900
2010-05-16 08:00:00,6201,6201,6197,22020
2010-05-16 10:00:00,6221,6221,6217,22140
2010-05-16 12:00:00,6241,6241,6237,22260
2010-05-16 14:00:00,6261,6261,6257,22360
2010-05-16 16:00:00,6281,6281,6277,22500
2010-05-16 18:00:00,6301,6301,6297,22620
2010-05-16 20:00:00,6321,6321,6317,22740
2010-05-16 22:00:00,6341,6341,6337,22860
2010-05-17 00:00:00,6361,6361,6357,22980
2010-05-17 02:00:00,9184,9192,8938,23100
2010-05-17 04:00:00,9204,9212,8958,23220
2010-05-17 06:00:00,9224,9232,8978,23340
2010-05-17 08:00:00,9244,9252,8998,23460
2010-05-17 10:00:00,9264,9272,9018,23580
2010-05-17 12:00:00,9284,9292,9038,23700
2010-05-17 14:00:00,9304,9312,9058,23820
2010-05-17 16:00:00,9324,9332,9078,23940
2010-05-17 18:00:00,9344,9352,9098,24060
2010-05-17 20:00:00,9364,9372,9118,24180
2010-05-17 22:00:00,9384,9392,9138,24300
2010-05-18 00:00:00,8500,8508,8254,24420
2010-05-18 02:00:00,8510,8518,8264,24540
2010-05-18 04:00:00,8530,8538,8284,24660
2010-05-18 06:00:00,8550,8558,8304,24780
2010-05-18 08:00:00,8570,8578,8324,24900
2010-05-18 10:00:00,8590,8598,8344,25020
2010-05-18 12:00:00,8610,8618,8364,25140
2010-05-18 14:00:00,8630,8638,8384,25260
2010-05-18 16:00:00,8650,8658,8404,25380
2010-06-16 10:00:00,16915,16923,16671,66780
2010-06-18 22:00:00,21016,21026,20773,70380
2010-08-16 08:00:00,41522,41593,41335,154500
2010-08-17 08:00:00,46949,47020,46763,155940
2010-08-18 08:00:00,45597,45668,45411,157380
2010-08-19 08:00:00,43658,43729,43472,158820
2010-08-21 08:00:00,46471,46542,46285,161700
2010-08-22 08:00:00,44801,44872,44615,163140
2010-08-24 08:00:00,41761,41832,41574,166020
2010-08-25 08:00:00,46235,46306,46049,167460
2010-08-26 08:00:00,44357,44428,44172,168900
2010-08-27 08:00:00,43180,43251,42994,170340
2010-08-28 08:00:00,41051,41122,40864,171780
2010-08-29 08:00:00,45757,45828,45571,173220
2010-08-30 08:00:00,42941,43012,42755,174660
2010-08-31 08:00:00,44564,44635,44378,176100
2010-09-01 08:00:00,1406,1406,1407,177540
2010-09-02 08:00:00,2771,2771,2770,178980
2010-09-03 08:00:00,3544,3544,3544,180420
2010-09-04 08:00:00,5508,5508,5504,181860
2010-09-05 08:00:00,524,524,524,183300
2010-09-06 08:00:00,1884,1884,1885,184740
2010-09-08 08:00:00,4592,4592,4591,187620
2010-09-09 08:00:00,70,70,70,189060
2010-09-11 08:00:00,3006,3006,3006,191940
2010-09-12 08:00:00,1645,1645,1646,193380
2010-09-13 08:00:00,4831,4831,4830,194820
2010-09-14 08:00:00,4140,4140,4140,196260
2010-10-07 00:00:00,30215,30285,30028,228900
2010-10-08 08:00:00,33775,33845,33590,230820
2010-10-09 08:00:00,28695,28765,28508,232260
2010-10-10 08:00:00,32165,32235,31979,233700
2010-10-11 08:00:00,31464,31534,31277,235140
2010-10-12 08:00:00,29888,29958,29701,236580
2010-10-13 08:00:00,34006,34076,33821,238020
2010-10-14 08:00:00,33137,33207,32952,239460
2010-10-15 08:00:00,30293,30363,30106,240900
2010-10-16 08:00:00,29294,29364,29107,242340
2010-10-17 08:00:00,34947,35017,34762,243780
2010-10-18 08:00:00,33297,33367,33112,245220
2010-10-18 18:00:00,33397,33467,33212,245820
2010-10-18 20:00:00,33417,33487,33232,245940
2010-10-18 22:00:00,33437,33507,33252,246060
2010-10-19 00:00:00,31633,31703,31446,246180
2010-10-19 02:00:00,31643,31713,31456,246300
2010-10-19 04:00:00,31663,31733,31476,246420
2010-10-19 06:00:00,31683,31753,31496,246540
2010-10-19 08:00:00,31703,31773,31516,246660
2010-10-19 10:00:00,31723,31793,31536,246780
2010-10-19 12:00:00,31743,31813,31556,246900
2010-10-19 16:00:00,31783,31853,31596,247140
2010-10-21 08:00:00,34482,34552,34297,249540
2010-10-22 08:00:00,32824,32894,32638,250980
2010-10-23 08:00:00,30761,30831,30574,252420
2010-10-24 08:00:00,29578,29648,29391,253860
2010-10-25 08:00:00,34244,34314,34059,255300
2010-10-26 08:00:00,32404,32474,32218,256740
2010-10-27 08:00:00,31000,31070,30813,258180
2010-10-28 08:00:00,28855,28925,28668,259620
2010-10-29 08:00:00,33536,33606,33351,261060
2010-10-30 08:00:00,30532,30602,30345,262500
2010-10-31 08:00:00,32585,32655,32399,263940
2010-11-01 08:00:00,23915,23984,23724,265380
2010-11-03 08:00:00,25420,25490,25232,268260
2010-11-04 08:00:00,28227,28297,28040,269700
2010-11-05 08:00:00,22965,23029,22769,271140
2010-11-07 08:00:00,26371,26441,26184,274020
2010-11-08 08:00:00,27317,27387,27130,275460
2010-11-09 08:00:00,22494,22553,22293,276900
2010-11-10 08:00:00,25659,25729,25471,278340
2010-11-12 08:00:00,24152,24222,23963,281220
2010-11-13 08:00:00,27556,27626,27369,282660
2010-11-14 08:00:00,26610,26680,26423,284100
2010-11-15 08:00:00,24390,24460,24201,285540
2010-11-16 08:00:00,23199,23268,23008,286980
2010-11-17 08:00:00,28377,28447,28190,288420
2010-11-18 08:00:00,26849,26919,26662,289860
2010-11-19 08:00:00,25181,25251,24993,291300
2010-11-20 08:00:00,23437,23506,23246,292740
2010-11-21 08:00:00,27988,28058,27801,294180
2010-11-22 08:00:00,26132,26202,25945,295620
2010-11-23 08:00:00,24866,24936,24678,297060
2010-11-24 08:00:00,23676,23745,23485,298500
2010-11-25 08:00:00,27749,27819,27562,299940
2010-11-26 08:00:00,25893,25963,25706,301380
2010-11-27 08:00:00,24942,25012,24754,302820
2010-11-28 08:00:00,22731,22790,22530,304260
2010-11-29 08:00:00,27088,27158,26901,305700
2010-11-30 08:00:00,24629,24699,24440,307140
2010-12-01 08:00:00,10896,10904,10651,308580
2010-12-02 08:00:00,12323,12331,12078,310020
2010-12-03 08:00:00,13040,13048,12795,311460
2010-12-04 08:00:00,15711,15719,15467,312900
2010-12-05 08:00:00,9940,9948,9695,314340
2010-12-06 08:00:00,11367,11375,11122,315780
2010-12-07 08:00:00,14210,14218,13966,317220
2010-12-08 08:00:00,14925,14933,14681,318660
2010-12-09 08:00:00,9484,9492,9238,320100
2010-12-10 08:00:00,13254,13262,13010,321540
2010-12-11 08:00:00,12562,12570,12317,322980
2010-12-12 08:00:00,11135,11143,10890,324420
2010-12-13 08:00:00,15164,15172,14920,325860
2010-12-15 08:00:00,11606,11614,11361,328740
2010-12-16 08:00:00,10179,10187,9934,330180
2010-12-17 08:00:00,15950,15958,15706,331620
2010-12-18 08:00:00,14447,14455,14203,333060
2010-12-19 08:00:00,12801,12809,12556,334500
2010-12-20 08:00:00,10497,10505,10252,335940
2010-12-21 08:00:00,15475,15483,15231,337380
2010-12-22 08:00:00,13971,13979,13727,338820
2010-12-23 08:00:00,11845,11853,11600,340260
2010-12-24 08:00:00,10657,10665,10412,341700
2010-12-25 08:00:00,15236,15244,14992,343140
2010-12-26 08:00:00,13493,13501,13249,344580
2010-12-27 08:00:00,12084,12092,11839,346020
2010-12-28 08:00:00,9703,9711,9457,347460
2010-12-29 08:00:00,14686,14694,14442,348900
2010-12-31 08:00:00,13732,13740,13488,351780
2011-01-01 08:00:00,13517,13687,13615,353220
2011-01-02 08:00:00,15022,15192,15121,354660
2011-01-03 08:00:00,15737,15907,15837,356100
2011-01-04 08:00:00,18538,18707,18640,357540
2011-01-05 08:00:00,12502,12672,12600,358980
2011-01-06 08:00:00,13995,14165,14093,360420
2011-01-07 08:00:00,16926,17096,17026,361860
2011-01-08 08:00:00,17643,17813,17743,363300
2011-01-09 08:00:00,12028,12196,12124,364740
2011-01-10 08:00:00,16052,16222,16152,366180
2011-01-11 08:00:00,15261,15431,15360,367620
2011-01-12 08:00:00,13756,13926,13854,369060
2011-01-14 08:00:00,17165,17335,17265,371940
2011-01-15 08:00:00,14234,14404,14332,373380
2011-01-16 08:00:00,12741,12911,12839,374820
2011-01-17 16:00:00,18855,19024,18957,376740
2011-01-19 16:00:00,15578,15748,15678,379620
2011-01-21 16:00:00,18380,18548,18481,382500
2011-01-21 18:00:00,18400,18568,18501,382620
2011-01-21 20:00:00,18419,18588,18521,382740
2011-01-21 22:00:00,18439,18608,18541,382860
2011-01-22 00:00:00,16617,16787,16717,382980
2011-01-22 02:00:00,16627,16797,16727,383100
2011-01-22 04:00:00,16647,16817,16747,383220
2011-01-22 06:00:00,16667,16837,16767,383340
2011-01-22 08:00:00,16687,16857,16787,383460
2011-01-22 10:00:00,16707,16877,16807,383580
2011-01-22 12:00:00,16727,16897,16827,383700
2011-01-22 14:00:00,16747,16917,16847,383820
2011-01-22 16:00:00,16767,16937,16867,383940
2011-01-23 16:00:00,14713,14883,14811,385380
2011-01-24 16:00:00,13279,13449,13377,386820
2011-01-25 16:00:00,18143,18311,18244,388260
2011-01-26 16:00:00,16292,16462,16392,389700
2011-01-28 00:00:00,12197,12365,12293,391620
2011-01-28 16:00:00,12345,12515,12443,392580
2011-01-29 16:00:00,17484,17654,17584,394020
2011-01-30 16:00:00,14474,14644,14572,395460
2011-01-31 16:00:00,16528,16698,16628,396900
2011-02-01 16:00:00,32902,33087,33060,398340
2011-02-02 16:00:00,34083,34279,34252,399780
2011-02-04 16:00:00,36428,36647,36620,402660
2011-02-05 16:00:00,31998,32171,32103,404100
2011-02-06 16:00:00,33298,33483,33456,405540
2011-02-08 16:00:00,35483,35691,35664,408420
2011-02-09 16:00:00,31525,31697,31629,409860
2011-02-10 16:00:00,34798,34996,34969,411300
2011-02-11 16:00:00,34322,34518,34491,412740
2011-02-12 16:00:00,33140,33325,33298,414180
2011-02-13 16:00:00,35720,35930,35903,415620
2011-02-14 16:00:00,35248,35452,35425,417060
2011-02-14 18:00:00,35268,35472,35445,417180
2011-02-14 20:00:00,35286,35492,35465,417300
2011-02-14 22:00:00,35304,35512,35485,417420
2011-02-15 00:00:00,33468,33653,33626,417540
2011-02-15 02:00:00,33478,33663,33636,417660
2011-02-15 04:00:00,33489,33683,33656,417780
2011-02-15 06:00:00,33509,33703,33676,417900
2011-02-15 08:00:00,33529,33723,33696,418020
2011-02-15 10:00:00,33549,33743,33716,418140
2011-02-15 12:00:00,33569,33763,33736,418260
2011-02-15 14:00:00,33589,33783,33756,418380
2011-02-15 16:00:00,33609,33803,33776,418500
2011-02-15 18:00:00,33629,33823,33796,418620
2011-02-15 20:00:00,33649,33843,33816,418740
2011-02-15 22:00:00,33665,33861,33835,418860
2011-02-16 00:00:00,32087,32260,32192,418980
2011-02-16 02:00:00,32097,32270,32202,419100
2011-02-16 04:00:00,32116,32290,32222,419220
2011-02-16 06:00:00,32136,32310,32242,419340
2011-02-16 08:00:00,32156,32330,32262,419460
2011-02-16 10:00:00,32174,32350,32282,419580
2011-02-16 12:00:00,32193,32370,32302,419700
2011-02-16 14:00:00,32213,32390,32322,419820
2011-02-16 16:00:00,32231,32410,32342,419940
2011-02-16 18:00:00,32250,32430,32362,420060
2011-02-17 16:00:00,36666,36886,36859,421380
2011-02-19 16:00:00,34560,34757,34730,424260
2011-02-20 16:00:00,32469,32649,32581,425700
2011-02-21 16:00:00,36189,36408,36381,427140
2011-02-23 20:00:00,33884,34080,34054,430260
2011-02-25 20:00:00,35993,36209,36182,433140
2011-02-28 20:00:00,31799,31972,31904,437460
2011-03-01 20:00:00,44141,44418,44392,438900
2011-03-02 20:00:00,45260,45546,45521,440340
2011-03-04 20:00:00,48222,48533,48507,443220
2011-03-05 20:00:00,43241,43515,43489,444660
2011-03-07 20:00:00,46682,46983,46959,447540
2011-03-09 20:00:00,42790,43058,43032,450420
2011-03-10 20:00:00,45809,46096,46072,451860
2011-03-11 20:00:00,45492,45778,45753,453300
2011-03-12 20:00:00,44364,44647,44621,454740
2011-03-13 20:00:00,47573,47881,47858,456180
2011-03-14 16:00:00,46865,47170,47146,457380
2011-03-15 16:00:00,44546,44830,44804,458820
2011-03-16 16:00:00,43424,43698,43672,460260
2011-03-17 16:00:00,48404,48715,48689,461700
2011-03-18 16:00:00,47086,47392,47368,463140
2011-03-20 16:00:00,43644,43918,43892,466020
2011-03-21 18:00:00,47893,48203,48177,467580
2011-03-21 20:00:00,47873,48183,48157,467700
2011-03-22 18:00:00,46436,46726,46702,469020
2011-03-22 20:00:00,46456,46746,46722,469140
2011-03-23 18:00:00,45006,45292,45267,470460
2011-03-23 20:00:00,45026,45312,45287,470580
2011-03-24 00:00:00,43733,44007,43981,470820
2011-03-24 18:00:00,43883,44159,44133,471900
2011-03-24 20:00:00,43902,44179,44153,472020
2011-03-25 18:00:00,47777,48085,48059,473340
2011-03-25 20:00:00,47797,48105,48079,473460
2011-03-26 18:00:00,46007,46297,46273,474780
2011-03-26 20:00:00,46027,46317,46293,474900
2011-03-28 16:00:00,42962,43236,43210,477540
2011-03-29 16:00:00,47312,47618,47594,478980
2011-03-30 16:00:00,44768,45052,45027,480420
2011-04-01 16:00:00,70288,70700,70374,483300
2011-04-02 16:00:00,71646,72058,71731,484740
2011-04-03 16:00:00,72361,72773,72446,486180
2011-04-04 16:00:00,74872,75296,74810,487620
2011-04-05 16:00:00,69404,69814,69487,489060
2011-04-06 16:00:00,70698,71110,70783,490500
2011-04-07 16:00:00,73293,73713,73386,491940
2011-04-08 16:00:00,74217,74637,74162,493380
2011-04-09 16:00:00,68946,69356,69029,494820
2011-04-10 16:00:00,72600,73012,72685,496260
2011-04-11 10:00:00,71825,72237,71910,497340
2011-04-12 10:00:00,70467,70879,70553,498780
2011-04-13 10:00:00,74396,74816,74341,500220
2011-04-16 10:00:00,69581,69991,69664,504540
2011-04-17 10:00:00,75051,75475,74989,505980
2011-04-18 10:00:00,73679,74099,73624,507420
2011-04-19 10:00:00,72064,72476,72149,508860
2011-04-20 10:00:00,69820,70230,69903,510300
2011-04-21 10:00:00,74577,74997,74511,511740
2011-04-22 10:00:00,72997,73414,73087,513180
2011-04-22 18:00:00,73074,73494,73167,513660
2011-04-22 20:00:00,73094,73514,73187,513780
2011-04-22 22:00:00,73114,73534,73207,513900
2011-04-23 00:00:00,71026,71438,71111,514020
2011-04-23 02:00:00,71036,71448,71121,514140
2011-04-23 04:00:00,71056,71468,71141,514260
2011-04-23 06:00:00,71076,71488,71161,514380
2011-04-23 08:00:00,71096,71508,71181,514500
2011-04-23 10:00:00,71116,71528,71201,514620
2011-04-23 12:00:00,71136,71548,71221,514740
2011-04-23 14:00:00,71156,71568,71241,514860
2011-04-23 16:00:00,71176,71588,71261,514980
2011-04-24 10:00:00,70001,70412,70086,516060
2011-04-26 10:00:00,72779,73191,72864,518940
2011-04-27 10:00:00,71355,71767,71440,520380
2011-04-28 10:00:00,69125,69535,69208,521820
2011-04-29 10:00:00,73918,74338,73863,523260
2011-04-30 10:00:00,70877,71289,70962,524700
2011-05-01 10:00:00,6864,7020,7020,526140
2011-05-02 10:00:00,8296,8454,8454,527580
2011-05-03 10:00:00,9004,9162,9090,529020
2011-05-03 12:00:00,9024,9182,9110,529140
2011-05-04 10:00:00,11611,11779,11707,530460
2011-05-05 10:00:00,6147,6303,6303,531900
2011-05-06 10:00:00,7341,7498,7498,533340
2011-05-08 10:00:00,10618,10786,10715,536220
2011-05-09 10:00:00,5683,5825,5825,537660
2011-05-10 10:00:00,9220,9378,9306,539100
2011-05-11 10:00:00,8535,8693,8693,540540
2011-05-12 10:00:00,7102,7259,7259,541980
2011-05-13 10:00:00,10896,11064,10993,543420
2011-05-14 10:00:00,10189,10347,10276,544860
2011-05-15 10:00:00,7580,7737,7737,546300
2011-05-16 10:00:00,6386,6542,6542,547740
2011-05-17 10:00:00,11811,11979,11907,549180
2011-05-19 10:00:00,8774,8932,8932,552060
2011-05-20 10:00:00,6625,6781,6781,553500
2011-05-21 10:00:00,11335,11503,11432,554940
2011-05-22 10:00:00,9911,10069,9998,556380
2011-05-25 10:00:00,11096,11264,11193,560700
2011-05-26 10:00:00,9458,9616,9544,562140
2011-05-27 10:00:00,8057,8215,8215,563580
2011-05-28 10:00:00,5918,6064,6064,565020
2011-05-29 10:00:00,10387,10547,10476,566460
2011-05-30 10:00:00,7818,7976,7976,567900
2011-05-31 10:00:00,9677,9835,9763,569340
2011-06-01 10:00:00,26739,26909,26840,570780
2011-06-02 10:00:00,28362,28532,28463,572220
2011-06-03 10:00:00,29079,29249,29180,573660
2011-06-06 10:00:00,27217,27387,27318,577980
2011-06-09 10:00:00,25546,25716,25647,582300
2011-06-10 10:00:00,29318,29488,29419,583740
2011-06-11 10:00:00,28601,28771,28702,585180
2011-06-12 10:00:00,26978,27148,27079,586620
2011-06-13 10:00:00,30513,30683,30614,588060
2011-06-15 10:00:00,27456,27626,27557,590940
2011-06-16 10:00:00,26022,26192,26123,592380
2011-06-17 10:00:00,31228,31398,31330,593820
2011-06-18 10:00:00,30074,30244,30175,595260
2011-06-19 10:00:00,28840,29010,28941,596700
2011-06-20 10:00:00,26261,26431,26362,598140
2011-06-21 10:00:00,30991,31161,31092,599580
2011-06-22 10:00:00,29796,29966,29897,601020
2011-06-23 10:00:00,27884,28054,27985,602460
2011-06-24 10:00:00,26500,26670,26601,603900
2011-06-25 10:00:00,30752,30922,30853,605340
2011-06-26 10:00:00,29557,29727,29658,606780
2011-06-27 10:00:00,28123,28293,28224,608220
2011-06-28 10:00:00,25785,25955,25886,609660
2011-06-29 10:00:00,30274,30444,30375,611100
2011-06-30 10:00:00,27665,27835,27766,612540
2011-07-01 10:00:00,56914,57271,56941,613980
2011-07-02 10:00:00,58538,58899,58569,615420
2011-07-05 10:00:00,55977,56334,56003,619740
2011-07-06 10:00:00,57351,57708,57378,621180
2011-07-07 16:00:00,59786,60150,59821,622980
2011-07-07 18:00:00,59806,60170,59841,623100
2011-07-08 16:00:00,60738,61105,60776,624420
2011-07-08 18:00:00,60758,61125,60796,624540
2011-07-09 16:00:00,55583,55938,55607,625860
2011-07-12 16:00:00,57174,57531,57201,630180
2011-07-13 16:00:00,60977,61344,61015,631620
2011-07-14 16:00:00,60024,60388,60059,633060
2011-07-15 04:00:00,57528,57885,57555,633780
2011-07-16 04:00:00,56155,56512,56181,635220
2011-07-17 04:00:00,61525,61892,61563,636660
2011-07-18 04:00:00,60302,60666,60337,638100
2011-07-19 04:00:00,58717,59078,58748,639540
2011-07-20 04:00:00,56394,56751,56420,640980
2011-07-21 04:00:00,61286,61653,61324,642420
2011-07-22 04:00:00,59427,59791,59462,643860
2011-07-23 04:00:00,58004,58363,58033,645300
2011-07-24 04:00:00,56735,57092,56762,646740
2011-07-25 04:00:00,61047,61414,61085,648180
2011-07-26 04:00:00,59110,59472,59143,649620
2011-07-27 04:00:00,58241,58600,58270,651060
2011-07-28 04:00:00,55701,56057,55726,652500
2011-07-28 18:00:00,55821,56177,55846,653340
2011-07-28 20:00:00,55841,56197,55866,653460
2011-07-28 22:00:00,55860,56217,55886,653580
2011-07-29 00:00:00,55877,56234,55903,653700
2011-07-29 02:00:00,60362,60726,60397,653820
2011-07-29 04:00:00,60382,60746,60417,653940
2011-07-29 06:00:00,60402,60766,60437,654060
2011-07-29 08:00:00,60422,60786,60457,654180
2011-07-29 10:00:00,60442,60806,60477,654300
2011-07-29 12:00:00,60462,60826,60497,654420
2011-07-29 14:00:00,60481,60846,60517,654540
2011-07-29 16:00:00,60501,60866,60537,654660
2011-07-30 04:00:00,57765,58124,57794,655380
2011-07-31 04:00:00,59189,59552,59223,656820
2011-08-01 04:00:00,63350,63718,63390,658260
2011-08-02 04:00:00,64611,64979,64651,659700
2011-08-03 04:00:00,65312,65685,65358,661140
2011-08-03 18:00:00,65435,65825,65498,661980
2011-08-03 20:00:00,65455,65845,65518,662100
2011-08-03 22:00:00,65472,65865,65538,662220
2011-08-04 00:00:00,65491,65884,65557,662340
2011-08-04 02:00:00,68337,68740,68413,662460
2011-08-04 04:00:00,68357,68760,68433,662580
2011-08-04 06:00:00,68371,68780,68453,662700
2011-08-04 08:00:00,68391,68800,68473,662820
2011-08-04 10:00:00,68411,68820,68493,662940
2011-08-04 12:00:00,68431,68840,68513,663060
2011-08-04 14:00:00,68451,68860,68533,663180
2011-08-04 16:00:00,68471,68880,68553,663300
2011-08-05 04:00:00,62241,62608,62279,664020
2011-08-07 04:00:00,66473,66868,66541,666900
2011-08-08 04:00:00,67429,67824,67497,668340
2011-08-09 04:00:00,61764,62131,61802,669780
2011-08-10 16:00:00,65649,66044,65717,671940
2011-08-11 16:00:00,64881,65251,64924,673380
2011-08-12 16:00:00,63469,63837,63509,674820
2011-08-13 16:00:00,67780,68183,67856,676260
2011-08-14 16:00:00,66832,67227,66900,677700
2011-08-15 16:00:00,63788,64156,63828,679140
2011-08-16 16:00:00,62600,62967,62638,680580
2011-08-17 16:00:00,68709,69119,68792,682020
2011-08-18 16:00:00,67071,67466,67139,683460
2011-08-19 04:00:00,65078,65451,65124,684180
2011-08-20 04:00:00,62714,63081,62753,685620
2011-08-21 04:00:00,68118,68521,68194,687060
2011-08-22 04:00:00,66234,66629,66302,688500
2011-08-23 04:00:00,64135,64503,64175,689940
2011-08-24 04:00:00,62952,63320,62992,691380
2011-08-25 04:00:00,67899,68302,67975,692820
2011-08-26 04:00:00,65768,66163,65836,694260
2011-08-27 04:00:00,64372,64740,64412,695700
2011-08-28 04:00:00,62002,62369,62040,697140
2011-08-29 04:00:00,67190,67585,67258,698580
2011-08-30 04:00:00,64064,64432,64104,700020
2011-08-31 04:00:00,65995,66390,66063,701460
2011-09-01 04:00:00,1123,1177,1178,702900
2011-09-02 04:00:00,2641,2716,2718,704340
2011-09-04 04:00:00,5388,5526,5526,707220
2011-09-05 04:00:00,484,491,492,708660
2011-09-06 04:00:00,1583,1644,1646,710100
2011-09-07 04:00:00,3613,3712,3713,711540
2011-09-08 04:00:00,4515,4622,4622,712980
2011-09-08 18:00:00,4651,4762,4762,713820
2011-09-08 20:00:00,4671,4782,4782,713940
2011-09-08 22:00:00,4691,4802,4802,714060
2011-09-09 00:00:00,0,0,0,714180
2011-09-09 02:00:00,10,10,10,714300
2011-09-09 04:00:00,30,30,30,714420
2011-09-09 06:00:00,50,50,50,714540
2011-09-09 08:00:00,67,70,70,714660
2011-09-09 10:00:00,87,90,90,714780
2011-09-09 12:00:00,107,110,110,714900
2011-09-09 14:00:00,126,130,130,715020
2011-09-09 16:00:00,146,150,150,715140
2011-09-10 04:00:00,2954,3029,3031,715860
2011-09-11 04:00:00,2721,2796,2798,717300
2011-09-12 04:00:00,1362,1416,1417,718740
2011-09-13 04:00:00,4750,4861,4861,720180
2011-09-14 04:00:00,3848,3951,3952,721620
2011-09-15 04:00:00,1816,1883,1885,723060
2011-09-16 04:00:00,721,730,731,724500
2011-09-18 04:00:00,4071,4176,4178,727380
2011-09-21 04:00:00,5172,5310,5310,731700
2011-09-22 00:00:00,3382,3462,3463,732900
2011-09-22 04:00:00,3412,3492,3493,733140
2011-09-22 18:00:00,3514,3613,3614,733980
2011-09-22 20:00:00,3534,3633,3634,734100
2011-09-22 22:00:00,3554,3653,3654,734220
2011-09-23 00:00:00,2011,2078,2080,734340
2011-09-23 02:00:00,2020,2088,2090,734460
2011-09-23 04:00:00,2038,2108,2110,734580
2011-09-23 06:00:00,2058,2128,2130,734700
2011-09-23 12:00:00,2103,2173,2175,735060
2011-09-23 14:00:00,2123,2193,2195,735180
2011-09-23 16:00:00,2143,2213,2215,735300
2011-09-24 04:00:00,938,953,954,736020
2011-09-25 04:00:00,4970,5086,5086,737460
2011-09-26 04:00:00,3188,3268,3269,738900
2011-09-27 04:00:00,2257,2332,2334,740340
2011-09-28 04:00:00,265,269,269,741780
2011-09-29 04:00:00,4293,4398,4401,743220
2011-10-01 04:00:00,49933,50265,50003,746100
2011-10-02 04:00:00,51320,51661,51394,747540
2011-10-03 04:00:00,51965,52309,52043,748980
2011-10-04 04:00:00,54990,55345,55078,750420
2011-10-06 04:00:00,50156,50491,50224,753300
2011-10-07 04:00:00,53094,53446,53179,754740
2011-10-08 04:00:00,54046,54398,54132,756180
2011-10-09 04:00:00,48523,48834,48808,757620
2011-10-10 22:00:00,52369,52714,52447,760140
2011-10-11 22:00:00,51724,52068,51801,761580
2011-10-13 04:00:00,54278,54630,54363,763380
2011-10-13 22:00:00,54458,54810,54543,764460
2011-10-14 22:00:00,53513,53865,53598,765900
2011-10-15 22:00:00,50553,50890,50623,767340
2011-10-16 22:00:00,49403,49728,49466,768780
2011-10-17 22:00:00,55204,55559,55228,770220
2011-10-18 22:00:00,53748,54100,53834,771660
2011-10-19 22:00:00,51906,52250,51984,773100
2011-10-20 22:00:00,49635,49967,49705,774540
2011-10-21 22:00:00,54931,55286,55019,775980
2011-10-22 22:00:00,53035,53387,53120,777420
2011-10-23 22:00:00,51031,51368,51101,778860
2011-10-24 22:00:00,49874,50206,49944,780300
2011-10-25 22:00:00,54695,55047,54780,781740
2011-10-27 22:00:00,51265,51602,51335,784620
2011-10-28 22:00:00,48942,49253,49227,786060
2011-10-29 22:00:00,53987,54339,54073,787500
2011-10-30 22:00:00,50792,51129,50862,788940
2011-10-31 22:00:00,52797,53148,52881,790380
2011-11-01 22:00:00,38381,38616,38589,791820
2011-11-02 22:00:00,39507,39759,39733,793260
2011-11-04 00:00:00,42130,42390,42364,794820
2011-11-04 02:00:00,42140,42400,42374,794940
2011-11-04 04:00:00,42160,42420,42394,795060
2011-11-04 06:00:00,42180,42440,42414,795180
2011-11-04 08:00:00,42200,42460,42434,795300
2011-11-04 10:00:00,42220,42480,42454,795420
2011-11-04 12:00:00,42240,42500,42474,795540
2011-11-04 14:00:00,42260,42520,42494,795660
2011-11-04 16:00:00,42280,42540,42514,795780
2011-11-04 22:00:00,42339,42600,42574,796140
2011-11-05 22:00:00,37430,37663,37636,797580
2011-11-06 22:00:00,38615,38855,38828,799020
2011-11-07 22:00:00,40911,41171,41145,800460
2011-11-08 22:00:00,41623,41883,41857,801900
2011-11-09 22:00:00,36965,37185,37158,803340
2011-11-10 22:00:00,40198,40456,40430,804780
2011-11-11 22:00:00,39740,39998,39972,806220
2011-11-13 22:00:00,41862,42122,42096,809100
2011-11-15 22:00:00,38794,39042,39016,811980
2011-11-16 22:00:00,37669,37902,37875,813420
2011-11-17 22:00:00,42578,42839,42813,814860
2011-11-18 22:00:00,41150,41410,41384,816300
2011-11-19 22:00:00,39979,40237,40211,817740
2011-11-20 22:00:00,37908,38141,38114,819180
2011-11-21 22:00:00,42101,42361,42335,820620
2011-11-22 22:00:00,40674,40932,40906,822060
2011-11-23 22:00:00,39272,39520,39494,823500
2011-11-24 22:00:00,37947,38180,38153,824940
2011-11-26 22:00:00,40437,40695,40669,827820
2011-11-28 22:00:00,37204,37424,37397,830700
2011-11-29 22:00:00,41386,41646,41620,832140
2011-11-30 22:00:00,39033,39281,39255,833580
2011-12-01 22:00:00,20571,20738,20672,835020
2011-12-02 22:00:00,21972,22140,22072,836460
2011-12-03 22:00:00,22376,22544,22476,837900
2011-12-04 22:00:00,25188,25358,25289,839340
2011-12-05 22:00:00,19629,19798,19731,840780
2011-12-06 22:00:00,20808,20975,20909,842220
2011-12-07 20:00:00,23495,23665,23596,843540
2011-12-07 22:00:00,23515,23685,23616,843660
2011-12-08 22:00:00,24471,24641,24572,845100
2011-12-09 22:00:00,19154,19323,19256,846540
2011-12-10 22:00:00,22615,22783,22715,847980
2011-12-11 22:00:00,22101,22269,22201,849420
2011-12-14 22:00:00,23754,23924,23855,853740
2011-12-16 00:00:00,19658,19827,19760,855300
2011-12-16 02:00:00,19661,19830,19763,855420
2011-12-16 22:00:00,19861,20030,19963,856620
2011-12-17 22:00:00,25427,25597,25528,858060
2011-12-18 22:00:00,23993,24163,24094,859500
2011-12-19 22:00:00,22337,22505,22437,860940
2011-12-20 22:00:00,20098,20267,20200,862380
2011-12-21 22:00:00,24949,25119,25050,863820
2011-12-22 22:00:00,23093,23261,23193,865260
2011-12-23 22:00:00,21517,21685,21617,866700
2011-12-24 22:00:00,20332,20499,20433,868140
2011-12-25 22:00:00,24710,24880,24811,869580
2011-12-26 22:00:00,22854,23022,22954,871020
2011-12-27 22:00:00,21756,21924,21856,872460
2011-12-28 22:00:00,19390,19559,19492,873900
2011-12-29 22:00:00,24232,24402,24333,875340
2011-12-30 22:00:00,21080,21247,21180,876780
2012-01-01 22:00:00,13321,13323,13325,879660
2012-01-02 22:00:00,14990,14992,14994,881100
2012-01-03 22:00:00,15648,15650,15653,882540
2012-01-04 22:00:00,18678,18680,18684,883980
2012-01-05 22:00:00,12604,12606,12608,885420
2012-01-06 22:00:00,13795,13797,13799,886860
2012-01-07 22:00:00,16819,16821,16825,888300
2012-01-08 22:00:00,17725,17727,17731,889740
2012-01-09 16:00:00,12325,12327,12329,890820
2012-01-10 16:00:00,15827,15829,15832,892260
2012-01-11 22:00:00,15172,15174,15177,894060
2012-01-12 16:00:00,13500,13502,13504,895140
2012-01-13 16:00:00,17904,17906,17910,896580
2012-01-14 16:00:00,16998,17000,17004,898020
2012-01-15 16:00:00,13974,13976,13978,899460
2012-01-16 16:00:00,12783,12785,12787,900900
2012-01-17 16:00:00,18857,18859,18863,902340
2012-01-19 16:00:00,15351,15353,15356,905220
2012-01-19 18:00:00,15371,15373,15376,905340
2012-01-19 20:00:00,15391,15393,15396,905460
2012-01-19 22:00:00,15411,15413,15416,905580
2012-01-20 00:00:00,12872,12874,12876,905700
2012-01-20 02:00:00,12882,12884,12886,905820
2012-01-20 04:00:00,12902,12904,12906,905940
2012-01-20 16:00:00,13022,13024,13026,906660
2012-01-21 16:00:00,18379,18381,18385,908100
2012-01-22 16:00:00,16520,16522,16526,909540
2012-01-23 16:00:00,14371,14373,14375,910980
2012-01-25 00:00:00,17993,17995,17999,912900
2012-01-25 02:00:00,18003,18005,18009,913020
2012-01-25 04:00:00,18023,18025,18029,913140
2012-01-25 06:00:00,18043,18045,18049,913260
2012-01-25 08:00:00,18063,18065,18069,913380
2012-01-25 10:00:00,18083,18085,18089,913500
2012-01-25 12:00:00,18103,18105,18109,913620
2012-01-25 14:00:00,18123,18125,18129,913740
2012-01-25 16:00:00,18143,18145,18149,913860
2012-01-26 04:00:00,15942,15944,15948,914580
2012-01-26 06:00:00,15962,15964,15968,914700
2012-01-27 16:00:00,14691,14693,14695,916740
2012-01-29 16:00:00,17345,17347,17351,919620
2012-01-30 16:00:00,14132,14134,14136,921060
2012-01-31 16:00:00,16283,16285,16289,922500
2012-02-01 16:00:00,33293,33295,33303,923940
2012-02-02 16:00:00,34711,34713,34721,925380
2012-02-03 16:00:00,35347,35349,35357,926820
2012-02-04 16:00:00,38261,38263,38273,928260
2012-02-05 16:00:00,32256,32258,32266,929700
2012-02-06 16:00:00,33771,33773,33781,931140
2012-02-07 16:00:00,36384,36386,36394,932580
2012-02-08 16:00:00,37333,37335,37344,934020
2012-02-08 18:00:00,37353,37355,37364,934140
2012-02-08 20:00:00,37373,37375,37384,934260
2012-02-08 22:00:00,37393,37395,37404,934380
2012-02-09 00:00:00,31940,31942,31950,934500
2012-02-09 02:00:00,31920,31922,31930,934620
2012-02-09 16:00:00,31780,31782,31790,935460
2012-02-10 16:00:00,35667,35669,35677,936900
2012-02-11 16:00:00,34950,34952,34960,938340
2012-02-12 16:00:00,33532,33534,33542,939780
2012-02-13 16:00:00,37572,37574,37583,941220
2012-02-14 16:00:00,36535,36537,36546,942660
2012-02-15 16:00:00,34010,34012,34020,944100
2012-02-16 16:00:00,32576,32578,32586,945540
2012-02-17 16:00:00,38500,38502,38512,946980
2012-02-18 16:00:00,36774,36776,36785,948420
2012-02-19 16:00:00,35189,35191,35199,949860
2012-02-20 16:00:00,32815,32817,32825,951300
2012-02-21 16:00:00,38029,38031,38040,952740
2012-02-22 16:00:00,36145,36147,36155,954180
2012-02-23 22:00:00,34293,34295,34303,955980
2012-02-24 16:00:00,33054,33056,33064,957060
2012-02-25 16:00:00,37811,37813,37822,958500
2012-02-26 16:00:00,35906,35908,35916,959940
2012-02-27 16:00:00,34472,34474,34482,961380
2012-02-28 16:00:00,32100,32102,32110,962820
2012-02-29 16:00:00,37094,37096,37105,964260
2012-03-01 16:00:00,45806,45809,45821,965700
2012-03-03 16:00:00,47631,47634,47647,968580
2012-03-04 16:00:00,50578,50581,50594,970020
2012-03-06 16:00:00,46039,46042,46054,972900
2012-03-06 18:00:00,46059,46062,46074,973020
2012-03-06 20:00:00,46079,46082,46094,973140
2012-03-06 22:00:00,46099,46102,46114,973260
2012-03-07 00:00:00,46118,46121,46133,973380
2012-03-07 02:00:00,48644,48647,48660,973500
2012-03-07 04:00:00,48664,48667,48680,973620
2012-03-07 06:00:00,48684,48687,48700,973740
2012-03-07 12:00:00,48734,48737,48750,974100
2012-03-07 14:00:00,48754,48757,48770,974220
2012-03-07 16:00:00,48774,48777,48790,974340
2012-03-08 16:00:00,49669,49672,49685,975780
2012-03-09 16:00:00,45125,45128,45140,977220
2012-03-10 16:00:00,47856,47859,47872,978660
2012-03-11 16:00:00,47170,47173,47186,980100
2012-03-14 16:00:00,48997,49000,49013,984420
2012-03-14 20:00:00,49037,49040,49053,984660
2012-03-15 16:00:00,46261,46264,46276,985860
2012-03-16 16:00:00,45347,45350,45362,987300
2012-03-17 16:00:00,50800,50803,50816,988740
2012-03-18 16:00:00,49218,49221,49234,990180
2012-03-21 16:00:00,50339,50342,50355,994500
2012-03-22 16:00:00,48545,48548,48561,995940
2012-03-23 16:00:00,46724,46727,46739,997380
2012-03-25 16:00:00,50115,50118,50131,1000260
2012-03-26 16:00:00,48083,48086,48099,1001700
2012-03-27 16:00:00,46877,46880,46893,1003140
2012-03-29 00:00:00,49307,49310,49323,1005060
2012-03-29 10:00:00,49397,49400,49413,1005660
2012-03-30 16:00:00,46500,46503,46515,1007460
2012-03-31 16:00:00,48322,48325,48338,1008900
2012-04-01 16:00:00,72184,72190,72211,1010340
2012-04-02 16:00:00,73857,73863,73884,1011780
2012-04-03 16:00:00,74525,74531,74552,1013220
2012-04-04 16:00:00,76760,76766,76789,1014660
2012-04-05 16:00:00,71236,71242,71262,1016100
2012-04-06 16:00:00,72662,72668,72689,1017540
2012-04-07 16:00:00,75459,75465,75487,1018980
2012-04-09 16:00:00,70758,70764,70784,1021860
2012-04-10 16:00:00,74762,74768,74789,1023300
2012-04-11 16:00:00,74096,74102,74123,1024740
2012-04-12 16:00:00,72423,72429,72450,1026180
2012-04-13 16:00:00,76119,76125,76148,1027620
2012-04-15 16:00:00,72901,72907,72928,1030500
2012-04-16 10:00:00,71412,71418,71438,1031580
2012-04-18 10:00:00,75620,75626,75649,1034460
2012-04-19 10:00:00,74226,74232,74253,1035900
2012-04-20 10:00:00,71651,71657,71677,1037340
2012-04-21 08:00:00,76517,76523,76546,1038660
2012-04-22 10:00:00,75160,75166,75188,1040220
2012-04-23 10:00:00,73358,73364,73385,1041660
2012-04-24 10:00:00,71890,71896,71916,1043100
2012-04-25 10:00:00,76298,76304,76327,1044540
2012-04-26 10:00:00,74937,74943,74965,1045980
2012-04-27 10:00:00,73558,73564,73585,1047420
2012-04-28 10:00:00,70937,70943,70963,1048860
2012-04-29 10:00:00,75820,75826,75849,1050300
2012-04-30 10:00:00,73080,73086,73107,1051740
2012-05-01 10:00:00,7783,7783,7784,1053180
2012-05-02 10:00:00,8959,8959,8960,1054620
2012-05-03 10:00:00,9672,9672,9673,1056060
2012-05-05 10:00:00,6895,6895,6896,1058940
2012-05-07 10:00:00,10604,10604,10605,1061820
2012-05-08 10:00:00,11321,11321,11322,1063260
2012-05-09 10:00:00,6423,6423,6424,1064700
2012-05-10 10:00:00,9950,9950,9951,1066140
2012-05-10 18:00:00,9870,9870,9871,1066620
2012-05-10 20:00:00,9850,9850,9851,1066740
2012-05-10 22:00:00,9831,9831,9832,1066860
2012-05-11 00:00:00,9108,9108,9109,1066980
2012-05-11 02:00:00,9118,9118,9119,1067100
2012-05-11 04:00:00,9138,9138,9139,1067220
2012-05-11 06:00:00,9158,9158,9159,1067340
2012-05-11 08:00:00,9178,9178,9179,1067460
2012-05-11 10:00:00,9198,9198,9199,1067580
2012-05-11 12:00:00,9218,9218,9219,1067700
2012-05-11 14:00:00,9238,9238,9239,1067820
2012-05-11 16:00:00,9258,9258,9259,1067940
2012-05-11 18:00:00,9278,9278,9279,1068060
2012-05-11 20:00:00,9296,9296,9297,1068180
2012-05-11 22:00:00,9314,9314,9315,1068300
2012-05-12 00:00:00,8159,8159,8160,1068420
2012-05-12 02:00:00,8139,8139,8140,1068540
2012-05-12 04:00:00,8119,8119,8120,1068660
2012-05-12 06:00:00,8099,8099,8100,1068780
2012-05-12 08:00:00,8079,8079,8080,1068900
2012-05-12 10:00:00,8059,8059,8060,1069020
2012-05-12 12:00:00,8039,8039,8040,1069140
2012-05-12 14:00:00,8019,8019,8020,1069260
2012-05-12 16:00:00,7999,7999,8000,1069380
2012-05-13 10:00:00,11553,11554,11556,1070460
2012-05-14 10:00:00,10843,10843,10844,1071900
2012-05-15 10:00:00,8259,8259,8260,1073340
2012-05-16 10:00:00,7134,7134,7135,1074780
2012-05-17 10:00:00,12026,12028,12030,1076220
2012-05-18 10:00:00,11082,11082,11083,1077660
2012-05-19 10:00:00,9433,9433,9434,1079100
2012-05-20 10:00:00,7371,7371,7372,1080540
2012-05-21 10:00:00,11792,11793,11795,1081980
2012-05-23 10:00:00,8496,8496,8497,1084860
2012-05-24 10:00:00,7610,7610,7611,1086300
2012-05-26 10:00:00,10150,10150,10151,1089180
2012-05-27 10:00:00,8720,8720,8721,1090620
2012-05-28 10:00:00,6656,6656,6657,1092060
2012-05-31 10:00:00,10389,10389,10390,1096380
2012-06-01 10:00:00,26618,26620,26626,1097820
2012-06-02 10:00:00,28226,28228,28234,1099260
2012-06-03 10:00:00,28939,28941,28948,1100700
2012-06-05 10:00:00,25936,25938,25944,1103580
2012-06-07 10:00:00,29928,29930,29938,1106460
2012-06-08 10:00:00,30606,30608,30616,1107900
2012-06-09 10:00:00,25474,25476,25482,1109340
2012-06-10 10:00:00,29178,29180,29187,1110780
2012-06-11 10:00:00,28465,28467,28473,1112220
2012-06-12 10:00:00,26854,26856,26862,1113660
2012-06-13 10:00:00,30845,30847,30855,1115100
2012-06-15 10:00:00,27270,27272,27278,1117980
2012-06-17 10:00:00,31562,31564,31572,1120860
2012-06-18 10:00:00,30128,30130,30138,1122300
2012-06-19 10:00:00,28704,28706,28712,1123740
2012-06-20 10:00:00,26179,26181,26187,1125180
2012-06-21 10:00:00,31362,31364,31372,1126620
2012-06-22 10:00:00,29654,29656,29663,1128060
2012-06-23 20:00:00,27848,27850,27856,1130100
2012-06-24 20:00:00,26479,26481,26487,1131540
2012-06-25 20:00:00,31184,31186,31194,1132980
2012-06-26 20:00:00,29356,29358,29365,1134420
2012-06-27 20:00:00,28087,28089,28095,1135860
2012-06-28 20:00:00,25797,25799,25805,1137300
2012-06-29 20:00:00,30467,30469,30477,1138740
2012-06-30 20:00:00,27609,27611,27617,1140180
2012-07-01 20:00:00,59461,59466,59483,1141620
2012-07-03 00:00:00,61181,61186,61203,1143300
2012-07-03 02:00:00,61191,61196,61213,1143420
2012-07-03 04:00:00,61211,61216,61233,1143540
2012-07-03 06:00:00,61231,61236,61253,1143660
2012-07-03 08:00:00,61251,61256,61273,1143780
2012-07-03 10:00:00,61271,61276,61293,1143900
2012-07-03 12:00:00,61291,61296,61313,1144020
2012-07-03 14:00:00,61311,61316,61333,1144140
2012-07-03 16:00:00,61331,61336,61353,1144260
2012-07-03 20:00:00,61371,61376,61393,1144500
2012-07-04 20:00:00,64124,64130,64147,1145940
2012-07-05 18:00:00,58490,58495,58511,1147260
2012-07-05 20:00:00,58510,58515,58531,1147380
2012-07-05 22:00:00,58530,58535,58551,1147500
2012-07-06 00:00:00,58549,58554,58570,1147620
2012-07-06 02:00:00,59759,59764,59781,1147740
2012-07-06 04:00:00,59777,59782,59799,1147860
2012-07-06 06:00:00,59797,59802,59819,1147980
2012-07-06 08:00:00,59817,59822,59839,1148100
2012-07-06 10:00:00,59837,59842,59859,1148220
2012-07-06 12:00:00,59857,59862,59879,1148340
2012-07-06 14:00:00,59877,59882,59899,1148460
2012-07-06 16:00:00,59897,59902,59919,1148580
2012-07-06 20:00:00,59937,59942,59959,1148820
2012-07-07 20:00:00,62218,62224,62241,1150260
2012-07-08 20:00:00,63171,63177,63194,1151700
2012-07-09 04:00:00,57876,57881,57896,1152180
2012-07-10 04:00:00,61559,61564,61581,1153620
2012-07-11 04:00:00,60972,60977,60994,1155060
2012-07-12 04:00:00,59540,59545,59562,1156500
2012-07-13 04:00:00,63250,63256,63273,1157940
2012-07-14 04:00:00,62294,62300,62317,1159380
2012-07-15 04:00:00,60016,60021,60038,1160820
2012-07-16 04:00:00,58589,58594,58610,1162260
2012-07-18 04:00:00,62533,62539,62556,1165140
2012-07-20 04:00:00,58828,58833,58849,1168020
2012-07-21 04:00:00,63725,63731,63748,1169460
2012-07-23 04:00:00,60653,60658,60675,1172340
2012-07-24 04:00:00,59221,59226,59243,1173780
2012-07-25 04:00:00,63489,63495,63512,1174380
2012-07-26 04:00:00,61639,61644,61661,1175820
2012-07-27 04:00:00,60733,60738,60755,1177260
2012-07-28 04:00:00,58111,58116,58132,1178700
2012-07-29 04:00:00,62772,62778,62795,1180140
2012-07-30 04:00:00,60255,60260,60277,1181580
2012-07-31 04:00:00,61821,61827,61844,1183020
2012-08-01 04:00:00,65395,65401,65419,1184460
2012-08-02 04:00:00,66587,66593,66611,1185900
2012-08-03 04:00:00,67304,67310,67328,1187340
2012-08-04 04:00:00,70160,70166,70186,1188780
2012-08-05 04:00:00,64678,64684,64702,1190220
2012-08-07 04:00:00,68499,68505,68523,1193100
2012-08-08 04:00:00,69448,69454,69473,1194540
2012-08-09 04:00:00,64203,64209,64226,1195980
2012-08-10 04:00:00,67543,67549,67567,1197420
2012-08-11 04:00:00,66985,66991,67009,1198860
2012-08-12 04:00:00,65634,65640,65658,1200300
2012-08-14 04:00:00,68734,68740,68759,1203180
2012-08-15 04:00:00,65873,65879,65897,1204620
2012-08-16 04:00:00,64917,64923,64941,1205400
2012-08-17 04:00:00,70399,70405,70425,1206840
2012-08-18 04:00:00,68971,68977,68996,1208280
2012-08-19 04:00:00,67065,67071,67089,1209720
2012-08-20 04:00:00,65156,65162,65180,1211160
2012-08-21 04:00:00,70080,70086,70106,1212600
2012-08-22 04:00:00,68260,68266,68284,1214040
2012-08-23 04:00:00,66112,66118,66136,1215480
2012-08-25 04:00:00,69687,69693,69712,1218360
2012-08-26 04:00:00,67782,67788,67806,1219800
2012-08-27 04:00:00,66507,66513,66531,1221240
2012-08-28 04:00:00,64442,64448,64465,1222680
2012-08-29 04:00:00,69209,69215,69234,1224120
2012-08-31 04:00:00,68021,68027,68045,1227000
2012-09-01 04:00:00,1386,1386,1386,1228440
2012-09-02 04:00:00,2737,2737,2737,1229880
2012-09-03 04:00:00,3420,3420,3420,1231320
2012-09-04 04:00:00,5908,5908,5908,1232760
2012-09-05 04:00:00,484,484,484,1234200
2012-09-07 04:00:00,4327,4327,4327,1237080
2012-09-08 04:00:00,5011,5011,5011,1238520
2012-09-09 04:00:00,30,30,30,1239960
2012-09-10 04:00:00,3659,3659,3659,1241400
2012-09-11 04:00:00,2976,2976,2976,1242840
2012-09-12 04:00:00,1625,1625,1625,1244280
2012-09-13 04:00:00,5238,5238,5238,1245720
2012-09-14 04:00:00,4556,4556,4556,1247160
2012-09-15 04:00:00,1848,1848,1848,1248600
2012-09-16 04:00:00,718,718,718,1250040
2012-09-17 04:00:00,6140,6140,6141,1251480
2012-09-19 04:00:00,3198,3198,3198,1254360
2012-09-20 04:00:00,940,940,940,1255800
2012-09-21 04:00:00,5684,5684,5684,1257240
2012-09-22 04:00:00,4104,4104,4104,1258680
2012-09-23 04:00:00,2301,2301,2301,1260120
2012-09-24 04:00:00,1162,1162,1162,1261560
2012-09-25 04:00:00,5461,5461,5461,1263000
2012-09-26 04:00:00,3884,3884,3884,1264440
2012-09-27 00:00:00,2496,2496,2496,1265640
2012-09-27 04:00:00,2526,2526,2526,1265880
2012-09-28 04:00:00,256,256,256,1267320
2012-09-29 04:00:00,4779,4779,4779,1268760
2012-09-30 04:00:00,2070,2070,2070,1270200
2012-10-01 22:00:00,52525,52528,52541,1272420
2012-10-02 22:00:00,54185,54189,54204,1273860
2012-10-03 04:00:00,54722,54726,54741,1274220
2012-10-04 22:00:00,57635,57639,57654,1276740
2012-10-05 22:00:00,51575,51578,51591,1278180
2012-10-06 22:00:00,53003,53006,53019,1279620
2012-10-07 22:00:00,55990,55994,56010,1281060
2012-10-09 22:00:00,51097,51100,51113,1283940
2012-10-11 22:00:00,54424,54428,54443,1286820
2012-10-12 22:00:00,52764,52767,52780,1288260
2012-10-13 22:00:00,56946,56950,56966,1289700
2012-10-14 22:00:00,56229,56233,56249,1291140
2012-10-15 22:00:00,53238,53241,53255,1292580
2012-10-16 22:00:00,51814,51817,51830,1294020
2012-10-17 22:00:00,57817,57822,57837,1295460
2012-10-18 22:00:00,56468,56472,56488,1296900
2012-10-19 22:00:00,54663,54667,54682,1298340
2012-10-20 22:00:00,52053,52056,52069,1299780
2012-10-21 22:00:00,57408,57412,57428,1301220
2012-10-22 22:00:00,55751,55755,55771,1302660
2012-10-23 18:00:00,53676,53679,53693,1303860
2012-10-23 20:00:00,53696,53699,53713,1303980
2012-10-23 22:00:00,53711,53715,53729,1304100
2012-10-24 00:00:00,52082,52085,52098,1304220
2012-10-24 02:00:00,52092,52095,52108,1304340
2012-10-24 04:00:00,52112,52115,52128,1304460
2012-10-24 06:00:00,52132,52135,52148,1304580
2012-10-24 08:00:00,52152,52155,52168,1304700
2012-10-24 10:00:00,52172,52175,52188,1304820
2012-10-24 12:00:00,52192,52195,52208,1304940
2012-10-24 14:00:00,52212,52215,52228,1305060
2012-10-24 16:00:00,52232,52235,52248,1305180
2012-10-24 22:00:00,52292,52295,52308,1305540
2012-10-25 22:00:00,57169,57173,57189,1306980
2012-10-26 22:00:00,55277,55281,55296,1308420
2012-10-27 22:00:00,53950,53954,53968,1309860
2012-10-28 22:00:00,51336,51339,51352,1311300
2012-10-29 22:00:00,56707,56711,56727,1312740
2012-10-30 22:00:00,53477,53480,53494,1314180
2012-10-31 22:00:00,55512,55516,55532,1315620
2012-11-01 22:00:00,40231,40233,40243,1317060
2012-11-02 22:00:00,41897,41899,41910,1318500
2012-11-03 22:00:00,42614,42616,42627,1319940
2012-11-04 22:00:00,44722,44724,44736,1321380
2012-11-05 22:00:00,39277,39279,39289,1322820
2012-11-06 22:00:00,40707,40709,40719,1324260
2012-11-07 22:00:00,43568,43570,43581,1325700
2012-11-08 22:00:00,44283,44285,44296,1327140
2012-11-09 22:00:00,38799,38801,38811,1328580
2012-11-10 22:00:00,42853,42855,42866,1330020
2012-11-11 22:00:00,42136,42138,42149,1331460
2012-11-12 22:00:00,40470,40472,40482,1332900
2012-11-14 22:00:00,43597,43599,43610,1335780
2012-11-15 22:00:00,40946,40948,40958,1337220
2012-11-16 22:00:00,39516,39518,39528,1338660
2012-11-17 22:00:00,44961,44963,44975,1340100
2012-11-18 22:00:00,43821,43823,43834,1341540
2012-11-22 00:00:00,43121,43123,43134,1345980
2012-11-22 02:00:00,43131,43133,43144,1346100
2012-11-22 04:00:00,43151,43153,43164,1346220
2012-11-22 06:00:00,43171,43173,43184,1346340
2012-11-22 08:00:00,43191,43193,43204,1346460
2012-11-22 10:00:00,43211,43213,43224,1346580
2012-11-22 12:00:00,43231,43233,43244,1346700
2012-11-22 14:00:00,43251,43253,43264,1346820
2012-11-22 16:00:00,43271,43273,43284,1346940
2013-03-13 20:00:00,54212,54211,54227,1507020
2013-04-12 18:00:00,78342,78345,78366,1550100
2013-04-12 20:00:00,78362,78365,78386,1550220
2013-04-12 22:00:00,78382,78385,78406,1550340
2013-04-13 00:00:00,78401,78404,78425,1550460
2013-05-15 20:00:00,9115,9115,9117,1597740
2013-05-15 22:00:00,9135,9135,9137,1597860
2013-05-16 00:00:00,7494,7494,7496,1597980
2013-05-16 02:00:00,7504,7504,7506,1598100
2013-05-16 04:00:00,7524,7524,7526,1598220
2013-05-16 06:00:00,7544,7544,7546,1598340
2013-05-16 08:00:00,7564,7564,7566,1598460
2013-05-16 10:00:00,7584,7584,7586,1598580
2013-05-16 12:00:00,7604,7604,7606,1598700
2013-05-16 14:00:00,7624,7624,7626,1598820
2013-05-16 16:00:00,7644,7644,7646,1598940
2013-05-16 18:00:00,7664,7664,7666,1599060
2013-07-03 18:00:00,66059,66061,66079,1668180
2013-07-03 20:00:00,66079,66081,66099,1668300
2013-07-03 22:00:00,66099,66101,66119,1668420
2013-07-04 00:00:00,66118,66120,66138,1668540
2013-07-04 02:00:00,68988,68990,69008,1668660
2013-07-04 04:00:00,69008,69010,69028,1668780
2013-07-04 06:00:00,69028,69030,69048,1668900
2013-07-04 08:00:00,69048,69050,69068,1669020
2013-07-04 10:00:00,69068,69070,69088,1669140
2013-07-04 12:00:00,69088,69090,69108,1669260
2013-07-04 14:00:00,69108,69110,69128,1669380
2013-07-04 16:00:00,69128,69130,69148,1669500
2013-10-10 16:00:00,59206,59207,59221,1808520
2013-10-10 18:00:00,59226,59227,59241,1808640
2013-10-11 16:00:00,58496,58497,58512,1809960
2013-10-11 18:00:00,58516,58517,58532,1810080
2013-10-11 20:00:00,58536,58537,58552,1810200
2013-10-11 22:00:00,58556,58557,58572,1810320
2013-10-12 00:00:00,56734,56735,56750,1810440
2013-10-12 02:00:00,56744,56745,56760,1810560
2013-10-12 04:00:00,56764,56765,56780,1810680
2013-10-12 06:00:00,56784,56785,56800,1810800
2013-10-12 08:00:00,56804,56805,56820,1810920
2013-10-12 10:00:00,56824,56825,56840,1811040
2013-10-12 12:00:00,56844,56845,56860,1811160
2013-10-12 14:00:00,56864,56865,56880,1811280
2013-10-15 18:00:00,57382,57383,57398,1815840
2013-10-15 20:00:00,57402,57403,57418,1815960
2013-10-15 22:00:00,57420,57421,57436,1816080
2013-10-16 00:00:00,55837,55837,55852,1816200
2013-10-16 02:00:00,55847,55847,55862,1816320
2013-10-16 04:00:00,55867,55867,55882,1816440
2013-10-16 06:00:00,55887,55887,55902,1816560
2013-10-16 08:00:00,55907,55907,55922,1816680
2013-10-16 10:00:00,55927,55927,55942,1816800
2013-10-16 12:00:00,55947,55947,55962,1816920
2013-10-21 18:00:00,61594,61595,61611,1824480
2013-10-21 20:00:00,61614,61615,61631,1824600
2013-10-26 00:00:00,59295,59296,59310,1830600
2013-10-26 02:00:00,59305,59306,59320,1830720
2013-10-26 04:00:00,59325,59326,59340,1830840
2013-10-26 06:00:00,59345,59346,59360,1830960
2013-10-26 08:00:00,59365,59366,59380,1831080
2013-10-26 10:00:00,59385,59386,59400,1831200
2013-10-26 12:00:00,59405,59406,59420,1831320
2013-10-26 14:00:00,59425,59426,59440,1831440
2013-10-26 16:00:00,59445,59446,59460,1831560
2013-11-08 18:00:00,47618,47620,47634,1850400
2013-11-08 20:00:00,47638,47640,47654,1850520
2013-11-08 22:00:00,47658,47660,47674,1850640
2013-11-09 00:00:00,41766,41768,41781,1850760
2013-11-09 02:00:00,41776,41778,41791,1850880
2013-11-09 04:00:00,41796,41798,41811,1851000
2013-11-09 06:00:00,41816,41818,41831,1851120
2013-11-09 08:00:00,41836,41838,41851,1851240
2013-11-09 10:00:00,41856,41858,41871,1851360
2013-11-09 12:00:00,41876,41878,41891,1851480
2013-11-09 14:00:00,41896,41898,41911,1851600
2013-11-09 16:00:00,41916,41918,41931,1851720
2013-12-10 16:00:00,25395,25397,25403,1896360
2013-12-10 18:00:00,25415,25417,25423,1896480
2013-12-11 16:00:00,24683,24685,24690,1897800
2013-12-11 18:00:00,24703,24705,24710,1897920
2013-12-12 16:00:00,23025,23027,23032,1899240
2013-12-12 18:00:00,23045,23047,23052,1899360
2013-12-13 16:00:00,27540,27542,27549,1900680
2013-12-13 18:00:00,27560,27562,27569,1900800
2013-12-14 16:00:00,26584,26586,26593,1902120
2013-12-14 18:00:00,26604,26606,26613,1902240
2013-12-15 16:00:00,23503,23505,23510,1903560
2013-12-15 18:00:00,23523,23525,23530,1903680
2013-12-16 20:00:00,22111,22113,22118,1905240
2013-12-16 22:00:00,22131,22133,22138,1905360
2013-12-17 20:00:00,28536,28538,28545,1906680
2013-12-17 22:00:00,28552,28554,28562,1906800
2013-12-18 20:00:00,26863,26865,26872,1908120
2013-12-18 22:00:00,26883,26885,26892,1908240
2013-12-19 20:00:00,24962,24964,24969,1909560
2013-12-19 22:00:00,24982,24984,24989,1909680
2013-12-20 20:00:00,22350,22352,22357,1911000
2013-12-20 22:00:00,22370,22372,22377,1911120
2013-12-21 20:00:00,28058,28060,28067,1912440
2013-12-21 22:00:00,28078,28080,28087,1912560
2013-12-22 20:00:00,26146,26148,26155,1913880
2013-12-22 22:00:00,26166,26168,26175,1914000
2013-12-23 20:00:00,24018,24020,24025,1915320
2013-12-23 22:00:00,24038,24040,24045,1915440
2013-12-24 20:00:00,22589,22591,22596,1916760
2013-12-24 22:00:00,22607,22609,22614,1916880
2013-12-25 20:00:00,27819,27821,27828,1918200
2013-12-25 22:00:00,27839,27841,27848,1918320
2013-12-26 20:00:00,25672,25674,25680,1919640
2013-12-26 22:00:00,25692,25694,25700,1919760
2013-12-27 20:00:00,24257,24259,24264,1921080
2013-12-27 22:00:00,24277,24279,24284,1921200
2013-12-28 20:00:00,21633,21635,21640,1922520
2013-12-28 22:00:00,21653,21655,21660,1922640
2013-12-29 20:00:00,27102,27104,27111,1923960
2013-12-29 22:00:00,27122,27124,27131,1924080
2013-12-30 20:00:00,23782,23784,23789,1925400
2013-12-30 22:00:00,23802,23804,23809,1925520
2013-12-31 20:00:00,25911,25913,25919,1926840
2013-12-31 22:00:00,25927,25929,25936,1926960
2014-01-01 20:00:00,13238,13235,13240,1928280
2014-01-01 22:00:00,13258,13255,13260,1928400
2014-01-02 20:00:00,14835,14832,14837,1929720
2014-01-02 22:00:00,14855,14852,14857,1929840
2014-01-03 20:00:00,15552,15549,15554,1931160
2014-01-03 22:00:00,15572,15569,15574,1931280
2014-01-04 20:00:00,18634,18631,18637,1932600
2014-01-04 22:00:00,18654,18651,18657,1932720
2014-01-05 20:00:00,12282,12279,12284,1934040
2014-01-05 22:00:00,12302,12299,12304,1934160
2014-01-06 20:00:00,13716,13713,13718,1935480
2014-01-06 22:00:00,13736,13733,13738,1935600
2014-01-07 20:00:00,16745,16742,16747,1936920
2014-01-07 22:00:00,16765,16762,16767,1937040
2014-01-08 10:00:00,17583,17580,17585,1937760
2014-01-08 12:00:00,17603,17600,17605,1937880
2014-01-09 20:00:00,11806,11803,11808,1939800
2014-01-09 22:00:00,11826,11823,11828,1939920
2014-01-10 20:00:00,15791,15788,15793,1941240
2014-01-10 22:00:00,15811,15808,15813,1941360
2014-01-11 20:00:00,15074,15071,15076,1942680
2014-01-11 22:00:00,15094,15091,15096,1942800
2014-01-12 20:00:00,13477,13474,13479,1944120
2014-01-12 22:00:00,13497,13494,13499,1944240
2014-01-13 16:00:00,17882,17879,17884,1945320
2014-01-14 16:00:00,16944,16941,16946,1946760
2014-01-15 16:00:00,13915,13912,13917,1948200
2014-01-16 16:00:00,12481,12478,12483,1949640
2014-01-17 16:00:00,18833,18830,18836,1951080
2014-01-18 16:00:00,17181,17178,17183,1952520
2014-01-19 16:00:00,15273,15270,15275,1953960
2014-01-20 16:00:00,12720,12717,12722,1955400
2014-01-21 16:00:00,18360,18357,18362,1956840
2014-01-22 16:00:00,16468,16465,16470,1958280
2014-01-22 22:00:00,16526,16523,16528,1958640
2014-01-23 00:00:00,14167,14164,14169,1958760
2014-01-23 16:00:00,14317,14314,14319,1959720
2014-01-24 16:00:00,12959,12956,12961,1961160
2014-01-25 16:00:00,18121,18118,18123,1962600
2014-01-26 16:00:00,15990,15987,15992,1964040
2014-01-27 16:00:00,14556,14553,14558,1965480
2014-01-28 16:00:00,12005,12002,12007,1966920
2014-01-29 18:00:00,17424,17421,17426,1968480
2014-01-29 20:00:00,17444,17441,17446,1968600
2014-01-30 20:00:00,14118,14115,14120,1970040
2014-01-30 22:00:00,14138,14135,14140,1970160
2014-01-31 16:00:00,16229,16226,16231,1971240
2014-02-01 16:00:00,32638,32635,32642,1972680
2014-02-02 16:00:00,33825,33822,33829,1974120
2014-02-03 16:00:00,34537,34534,34542,1975560
2014-02-04 16:00:00,36910,36907,36915,1977000
2014-02-05 12:00:00,31642,31639,31646,1978200
2014-02-06 16:00:00,32877,32874,32881,1979880
2014-02-07 16:00:00,35484,35481,35489,1981320
2014-02-08 16:00:00,35962,35959,35967,1982760
2014-02-09 16:00:00,31443,31440,31447,1984200
2014-02-10 16:00:00,34776,34773,34781,1985640
2014-02-11 16:00:00,34064,34061,34068,1987080
2014-02-13 16:00:00,36201,36198,36206,1989960
2014-02-14 16:00:00,35723,35720,35728,1991400
2014-02-15 16:00:00,33116,33113,33120,1992840
2014-02-16 16:00:00,31921,31918,31925,1994280
2014-02-19 16:00:00,34298,34295,34303,1998600
2014-02-20 16:00:00,32160,32157,32164,2000040
2014-02-21 16:00:00,36672,36669,36677,2001480
2014-02-22 16:00:00,35245,35242,35250,2002920
2014-02-23 16:00:00,33355,33352,33359,2004360
2014-02-24 16:00:00,32399,32396,32403,2005800
2014-02-25 16:00:00,36433,36430,36438,2007240
2014-02-26 16:00:00,35006,35003,35011,2008680
2014-02-27 16:00:00,33586,33583,33590,2010120
2014-03-01 16:00:00,43160,43157,43165,2013000
2014-03-02 16:00:00,44748,44745,44753,2014440
2014-03-03 16:00:00,45419,45416,45425,2015880
2014-03-04 16:00:00,48168,48165,48174,2017320
2014-03-06 00:00:00,43471,43468,43476,2019240
2014-03-06 02:00:00,43481,43478,43486,2019360
2014-03-06 04:00:00,43501,43498,43506,2019480
2014-03-06 06:00:00,43521,43518,43526,2019600
2014-03-06 12:00:00,43565,43562,43570,2019960
2014-03-06 14:00:00,43585,43582,43590,2020080
2014-03-06 16:00:00,43605,43602,43610,2020200
2014-03-08 16:00:00,47253,47250,47259,2023080
2014-03-09 16:00:00,42002,42000,42009,2024520
2014-03-10 16:00:00,45642,45639,45647,2025960
2014-03-11 16:00:00,44970,44967,44976,2027400
2014-03-12 16:00:00,43382,43379,43387,2028840
2014-03-13 16:00:00,47476,47473,47482,2030280
2014-03-14 16:00:00,46571,46568,46576,2031720
2014-03-15 16:00:00,43828,43825,43833,2033160
2014-03-16 16:00:00,42465,42463,42472,2034600
2014-03-17 16:00:00,48389,48386,48396,2036040
2014-03-18 16:00:00,46796,46793,46801,2037480
2014-03-19 16:00:00,45195,45192,45201,2038920
2014-03-20 06:00:00,42604,42602,42611,2039760
2014-03-21 16:00:00,47944,47941,47950,2041800
2014-03-22 16:00:00,46348,46345,46353,2043240
2014-03-23 16:00:00,44300,44297,44305,2044680
2014-03-24 16:00:00,42932,42929,42938,2046120
2014-03-25 16:00:00,47714,47711,47720,2047560
2014-03-26 16:00:00,45881,45878,45886,2049000
2014-03-27 18:00:00,44543,44540,44548,2050560
2014-03-27 20:00:00,44563,44560,44568,2050680
2014-03-28 16:00:00,42241,42239,42248,2051880
2014-03-29 16:00:00,47031,47028,47037,2053320
2014-03-30 16:00:00,44067,44064,44072,2054760
2014-03-31 16:00:00,46117,46114,46122,2056200
2014-04-01 16:00:00,68381,68379,68390,2057640
2014-04-03 16:00:00,70656,70655,70668,2060520
2014-04-04 16:00:00,73277,73276,73290,2061960
2014-04-05 16:00:00,67425,67423,67434,2063400
2014-04-06 16:00:00,68854,68852,68864,2064840
2014-04-08 10:00:00,72263,72262,72276,2067360
2014-04-09 14:00:00,66927,66925,66936,2069040
2014-04-09 16:00:00,66947,66945,66956,2069160
2014-04-10 10:00:00,70835,70834,70847,2070240
2014-04-11 10:00:00,70118,70117,70130,2071680
2014-04-12 10:00:00,68555,68553,68565,2073120
2014-04-13 10:00:00,72500,72499,72513,2074560
2014-04-14 10:00:00,71550,71549,71562,2076000
2014-04-15 10:00:00,69033,69031,69043,2077440
2014-04-16 10:00:00,67604,67602,67613,2078880
2014-04-17 10:00:00,73456,73455,73469,2080320
2014-04-18 10:00:00,71789,71788,71801,2081760
2014-04-19 10:00:00,70357,70356,70369,2083200
2014-04-20 10:00:00,67843,67841,67852,2084640
2014-04-21 10:00:00,72978,72977,72991,2086080
2014-04-22 10:00:00,71313,71312,71325,2087520
2014-04-23 10:00:00,69507,69505,69518,2088960
2014-04-24 10:00:00,68082,68080,68091,2090400
2014-04-25 10:00:00,72739,72738,72752,2091840
2014-04-26 10:00:00,71074,71073,71086,2093280
2014-04-27 10:00:00,69689,69688,69701,2094720
2014-04-28 10:00:00,67126,67124,67135,2096160
2014-04-29 10:00:00,72028,72027,72040,2097600
2014-04-30 10:00:00,69268,69266,69279,2099040
2014-05-01 10:00:00,6475,6473,6477,2100480
2014-05-02 10:00:00,7887,7884,7888,2101920
2014-05-03 10:00:00,8604,8601,8605,2103360
2014-05-04 10:00:00,11228,11225,11230,2104800
2014-05-05 10:00:00,5521,5519,5523,2106240
2014-05-06 10:00:00,6952,6949,6953,2107680
2014-05-07 10:00:00,9560,9557,9561,2109120
2014-05-08 10:00:00,10277,10274,10278,2110560
2014-05-10 10:00:00,8843,8840,8844,2113440
2014-05-11 10:00:00,8126,8123,8127,2114880
2014-05-12 10:00:00,6713,6710,6714,2116320
2014-05-13 10:00:00,10516,10513,10517,2117760
2014-05-14 10:00:00,9799,9796,9800,2119200
2014-05-15 10:00:00,7189,7186,7190,2120640
2014-05-16 10:00:00,5760,5758,5762,2122080
2014-05-17 10:00:00,11467,11464,11469,2123520
2014-05-18 10:00:00,10038,10035,10039,2124960
2014-05-19 10:00:00,8365,8362,8366,2126400
2014-05-20 10:00:00,5999,5997,6001,2127840
2014-05-21 10:00:00,10989,10986,10991,2129280
2014-05-22 10:00:00,9321,9318,9322,2130720
2014-05-23 10:00:00,7667,7664,7668,2132160
2014-05-24 10:00:00,6236,6234,6238,2133600
2014-05-26 10:00:00,9082,9079,9083,2136480
